"Country Group Code","Country Group","Country Code","Country","M49 Code","ISO2 Code","ISO3 Code"
"5100","Africa","4","Algeria","12","DZ","DZA"
"5100","Africa","7","Angola","24","AO","AGO"
"5100","Africa","53","Benin","204","BJ","BEN"
"5100","Africa","20","Botswana","72","BW","BWA"
"5100","Africa","233","Burkina Faso","854","BF","BFA"
"5100","Africa","29","Burundi","108","BI","BDI"
"5100","Africa","35","Cabo Verde","132","CV","CPV"
"5100","Africa","32","Cameroon","120","CM","CMR"
"5100","Africa","37","Central African Republic","140","CF","CAF"
"5100","Africa","39","Chad","148","TD","TCD"
"5100","Africa","45","Comoros","174","KM","COM"
"5100","Africa","46","Congo","178","CG","COG"
"5100","Africa","107","Côte d'Ivoire","384","CI","CIV"
"5100","Africa","250","Democratic Republic of the Congo","180","CD","COD"
"5100","Africa","72","Djibouti","262","DJ","DJI"
"5100","Africa","59","Egypt","818","EG","EGY"
"5100","Africa","61","Equatorial Guinea","226","GQ","GNQ"
"5100","Africa","178","Eritrea","232","ER","ERI"
"5100","Africa","209","Eswatini","748","SZ","SWZ"
"5100","Africa","238","Ethiopia","231","ET","ETH"
"5100","Africa","62","Ethiopia PDR","230","",""
"5100","Africa","74","Gabon","266","GA","GAB"
"5100","Africa","75","Gambia","270","GM","GMB"
"5100","Africa","81","Ghana","288","GH","GHA"
"5100","Africa","90","Guinea","324","GN","GIN"
"5100","Africa","175","Guinea-Bissau","624","GW","GNB"
"5100","Africa","114","Kenya","404","KE","KEN"
"5100","Africa","122","Lesotho","426","LS","LSO"
"5100","Africa","123","Liberia","430","LR","LBR"
"5100","Africa","124","Libya","434","LY","LBY"
"5100","Africa","129","Madagascar","450","MG","MDG"
"5100","Africa","130","Malawi","454","MW","MWI"
"5100","Africa","133","Mali","466","ML","MLI"
"5100","Africa","136","Mauritania","478","MR","MRT"
"5100","Africa","137","Mauritius","480","MU","MUS"
"5100","Africa","270","Mayotte","175","YT","MYT"
"5100","Africa","143","Morocco","504","MA","MAR"
"5100","Africa","144","Mozambique","508","MZ","MOZ"
"5100","Africa","147","Namibia","516","NA","NAM"
"5100","Africa","158","Niger","562","NE","NER"
"5100","Africa","159","Nigeria","566","NG","NGA"
"5100","Africa","182","Réunion","638","RE","REU"
"5100","Africa","184","Rwanda","646","RW","RWA"
"5100","Africa","187","Saint Helena, Ascension and Tristan da Cunha","654","SH","SHN"
"5100","Africa","193","Sao Tome and Principe","678","ST","STP"
"5100","Africa","195","Senegal","686","SN","SEN"
"5100","Africa","196","Seychelles","690","SC","SYC"
"5100","Africa","197","Sierra Leone","694","SL","SLE"
"5100","Africa","201","Somalia","706","SO","SOM"
"5100","Africa","202","South Africa","710","ZA","ZAF"
"5100","Africa","277","South Sudan","728","SS","SSD"
"5100","Africa","276","Sudan","729","SD","SDN"
"5100","Africa","206","Sudan (former)","736","SD",""
"5100","Africa","217","Togo","768","TG","TGO"
"5100","Africa","222","Tunisia","788","TN","TUN"
"5100","Africa","226","Uganda","800","UG","UGA"
"5100","Africa","215","United Republic of Tanzania","834","TZ","TZA"
"5100","Africa","616","Western Africa, unspecified","","",""
"5100","Africa","205","Western Sahara","732","EH","ESH"
"5100","Africa","251","Zambia","894","ZM","ZMB"
"5100","Africa","181","Zimbabwe","716","ZW","ZWE"
"5200","Americas","258","Anguilla","660","AI","AIA"
"5200","Americas","8","Antigua and Barbuda","28","AG","ATG"
"5200","Americas","9","Argentina","32","AR","ARG"
"5200","Americas","22","Aruba","533","AW","ABW"
"5200","Americas","12","Bahamas","44","BS","BHS"
"5200","Americas","14","Barbados","52","BB","BRB"
"5200","Americas","23","Belize","84","BZ","BLZ"
"5200","Americas","17","Bermuda","60","BM","BMU"
"5200","Americas","19","Bolivia (Plurinational State of)","68","BO","BOL"
"5200","Americas","278","Bonaire, Sint Eustatius and Saba","535","","BES"
"5200","Americas","21","Brazil","76","BR","BRA"
"5200","Americas","239","British Virgin Islands","92","VG","VGB"
"5200","Americas","33","Canada","124","CA","CAN"
"5200","Americas","609","Caribbean, unspecified","","",""
"5200","Americas","36","Cayman Islands","136","KY","CYM"
"5200","Americas","40","Chile","152","CL","CHL"
"5200","Americas","44","Colombia","170","CO","COL"
"5200","Americas","48","Costa Rica","188","CR","CRI"
"5200","Americas","49","Cuba","192","CU","CUB"
"5200","Americas","279","Curaçao","531","","CUW"
"5200","Americas","55","Dominica","212","DM","DMA"
"5200","Americas","56","Dominican Republic","214","DO","DOM"
"5200","Americas","58","Ecuador","218","EC","ECU"
"5200","Americas","60","El Salvador","222","SV","SLV"
"5200","Americas","65","Falkland Islands (Malvinas)","238","FK","FLK"
"5200","Americas","69","French Guiana","254","GF","GUF"
"5200","Americas","85","Greenland","304","GL","GRL"
"5200","Americas","86","Grenada","308","GD","GRD"
"5200","Americas","87","Guadeloupe","312","GP","GLP"
"5200","Americas","89","Guatemala","320","GT","GTM"
"5200","Americas","91","Guyana","328","GY","GUY"
"5200","Americas","93","Haiti","332","HT","HTI"
"5200","Americas","95","Honduras","340","HN","HND"
"5200","Americas","109","Jamaica","388","JM","JAM"
"5200","Americas","135","Martinique","474","MQ","MTQ"
"5200","Americas","138","Mexico","484","MX","MEX"
"5200","Americas","142","Montserrat","500","MS","MSR"
"5200","Americas","151","Netherlands Antilles (former)","530","AN","ANT"
"5200","Americas","157","Nicaragua","558","NI","NIC"
"5200","Americas","622","Northern America, unspecified","","",""
"5200","Americas","166","Panama","591","PA","PAN"
"5200","Americas","169","Paraguay","600","PY","PRY"
"5200","Americas","170","Peru","604","PE","PER"
"5200","Americas","177","Puerto Rico","630","PR","PRI"
"5200","Americas","282","Saint Barthélemy","652","","BLM"
"5200","Americas","188","Saint Kitts and Nevis","659","KN","KNA"
"5200","Americas","189","Saint Lucia","662","LC","LCA"
"5200","Americas","190","Saint Pierre and Miquelon","666","PM","SPM"
"5200","Americas","191","Saint Vincent and the Grenadines","670","VC","VCT"
"5200","Americas","281","Saint-Martin (French Part)","663","","MAF"
"5200","Americas","280","Sint Maarten (Dutch Part)","534","","SXM"
"5200","Americas","614","South America, unspecified","","",""
"5200","Americas","207","Suriname","740","SR","SUR"
"5200","Americas","220","Trinidad and Tobago","780","TT","TTO"
"5200","Americas","224","Turks and Caicos Islands","796","TC","TCA"
"5200","Americas","231","United States of America","840","US","USA"
"5200","Americas","240","United States Virgin Islands","850","VI","VIR"
"5200","Americas","234","Uruguay","858","UY","URY"
"5200","Americas","236","Venezuela (Bolivarian Republic of)","862","VE","VEN"
"5300","Asia","2","Afghanistan","4","AF","AFG"
"5300","Asia","1","Armenia","51","AM","ARM"
"5300","Asia","52","Azerbaijan","31","AZ","AZE"
"5300","Asia","13","Bahrain","48","BH","BHR"
"5300","Asia","16","Bangladesh","50","BD","BGD"
"5300","Asia","18","Bhutan","64","BT","BTN"
"5300","Asia","26","Brunei Darussalam","96","BN","BRN"
"5300","Asia","115","Cambodia","116","KH","KHM"
"5300","Asia","96","China, Hong Kong SAR","344","HK","HKG"
"5300","Asia","128","China, Macao SAR","446","MO","MAC"
"5300","Asia","41","China, mainland","1248","CN","CHN"
"5300","Asia","214","China, Taiwan Province of","158","TW","TWN"
"5300","Asia","50","Cyprus","196","CY","CYP"
"5300","Asia","116","Democratic People's Republic of Korea","408","KP","PRK"
"5300","Asia","73","Georgia","268","GE","GEO"
"5300","Asia","100","India","356","IN","IND"
"5300","Asia","101","Indonesia","360","ID","IDN"
"5300","Asia","102","Iran (Islamic Republic of)","364","IR","IRN"
"5300","Asia","103","Iraq","368","IQ","IRQ"
"5300","Asia","105","Israel","376","IL","ISR"
"5300","Asia","110","Japan","392","JP","JPN"
"5300","Asia","112","Jordan","400","JO","JOR"
"5300","Asia","108","Kazakhstan","398","KZ","KAZ"
"5300","Asia","118","Kuwait","414","KW","KWT"
"5300","Asia","113","Kyrgyzstan","417","KG","KGZ"
"5300","Asia","120","Lao People's Democratic Republic","418","LA","LAO"
"5300","Asia","121","Lebanon","422","LB","LBN"
"5300","Asia","131","Malaysia","458","MY","MYS"
"5300","Asia","132","Maldives","462","MV","MDV"
"5300","Asia","141","Mongolia","496","MN","MNG"
"5300","Asia","28","Myanmar","104","MM","MMR"
"5300","Asia","149","Nepal","524","NP","NPL"
"5300","Asia","221","Oman","512","OM","OMN"
"5300","Asia","165","Pakistan","586","PK","PAK"
"5300","Asia","299","Palestine","275","","PSE"
"5300","Asia","171","Philippines","608","PH","PHL"
"5300","Asia","179","Qatar","634","QA","QAT"
"5300","Asia","117","Republic of Korea","410","KR","KOR"
"5300","Asia","194","Saudi Arabia","682","SA","SAU"
"5300","Asia","200","Singapore","702","SG","SGP"
"5300","Asia","38","Sri Lanka","144","LK","LKA"
"5300","Asia","212","Syrian Arab Republic","760","SY","SYR"
"5300","Asia","208","Tajikistan","762","TJ","TJK"
"5300","Asia","216","Thailand","764","TH","THA"
"5300","Asia","176","Timor-Leste","626","TL","TLS"
"5300","Asia","223","Turkey","792","TR","TUR"
"5300","Asia","213","Turkmenistan","795","TM","TKM"
"5300","Asia","225","United Arab Emirates","784","AE","ARE"
"5300","Asia","235","Uzbekistan","860","UZ","UZB"
"5300","Asia","237","Viet Nam","704","VN","VNM"
"5300","Asia","249","Yemen","887","YE","YEM"
"5501","Australia and New Zealand","10","Australia","36","AU","AUS"
"5501","Australia and New Zealand","156","New Zealand","554","NZ","NZL"
"5501","Australia and New Zealand","161","Norfolk Island","574","NF","NFK"
"5206","Caribbean","258","Anguilla","660","AI","AIA"
"5206","Caribbean","8","Antigua and Barbuda","28","AG","ATG"
"5206","Caribbean","22","Aruba","533","AW","ABW"
"5206","Caribbean","12","Bahamas","44","BS","BHS"
"5206","Caribbean","14","Barbados","52","BB","BRB"
"5206","Caribbean","278","Bonaire, Sint Eustatius and Saba","535","","BES"
"5206","Caribbean","239","British Virgin Islands","92","VG","VGB"
"5206","Caribbean","36","Cayman Islands","136","KY","CYM"
"5206","Caribbean","49","Cuba","192","CU","CUB"
"5206","Caribbean","279","Curaçao","531","","CUW"
"5206","Caribbean","55","Dominica","212","DM","DMA"
"5206","Caribbean","56","Dominican Republic","214","DO","DOM"
"5206","Caribbean","86","Grenada","308","GD","GRD"
"5206","Caribbean","87","Guadeloupe","312","GP","GLP"
"5206","Caribbean","93","Haiti","332","HT","HTI"
"5206","Caribbean","109","Jamaica","388","JM","JAM"
"5206","Caribbean","135","Martinique","474","MQ","MTQ"
"5206","Caribbean","142","Montserrat","500","MS","MSR"
"5206","Caribbean","151","Netherlands Antilles (former)","530","AN","ANT"
"5206","Caribbean","177","Puerto Rico","630","PR","PRI"
"5206","Caribbean","188","Saint Kitts and Nevis","659","KN","KNA"
"5206","Caribbean","189","Saint Lucia","662","LC","LCA"
"5206","Caribbean","191","Saint Vincent and the Grenadines","670","VC","VCT"
"5206","Caribbean","281","Saint-Martin (French Part)","663","","MAF"
"5206","Caribbean","280","Sint Maarten (Dutch Part)","534","","SXM"
"5206","Caribbean","220","Trinidad and Tobago","780","TT","TTO"
"5206","Caribbean","224","Turks and Caicos Islands","796","TC","TCA"
"5206","Caribbean","240","United States Virgin Islands","850","VI","VIR"
"5204","Central America","23","Belize","84","BZ","BLZ"
"5204","Central America","48","Costa Rica","188","CR","CRI"
"5204","Central America","60","El Salvador","222","SV","SLV"
"5204","Central America","89","Guatemala","320","GT","GTM"
"5204","Central America","95","Honduras","340","HN","HND"
"5204","Central America","138","Mexico","484","MX","MEX"
"5204","Central America","157","Nicaragua","558","NI","NIC"
"5204","Central America","166","Panama","591","PA","PAN"
"5301","Central Asia","108","Kazakhstan","398","KZ","KAZ"
"5301","Central Asia","113","Kyrgyzstan","417","KG","KGZ"
"5301","Central Asia","208","Tajikistan","762","TJ","TJK"
"5301","Central Asia","213","Turkmenistan","795","TM","TKM"
"5301","Central Asia","235","Uzbekistan","860","UZ","UZB"
"5101","Eastern Africa","29","Burundi","108","BI","BDI"
"5101","Eastern Africa","45","Comoros","174","KM","COM"
"5101","Eastern Africa","72","Djibouti","262","DJ","DJI"
"5101","Eastern Africa","178","Eritrea","232","ER","ERI"
"5101","Eastern Africa","238","Ethiopia","231","ET","ETH"
"5101","Eastern Africa","62","Ethiopia PDR","230","",""
"5101","Eastern Africa","114","Kenya","404","KE","KEN"
"5101","Eastern Africa","129","Madagascar","450","MG","MDG"
"5101","Eastern Africa","130","Malawi","454","MW","MWI"
"5101","Eastern Africa","137","Mauritius","480","MU","MUS"
"5101","Eastern Africa","270","Mayotte","175","YT","MYT"
"5101","Eastern Africa","144","Mozambique","508","MZ","MOZ"
"5101","Eastern Africa","182","Réunion","638","RE","REU"
"5101","Eastern Africa","184","Rwanda","646","RW","RWA"
"5101","Eastern Africa","196","Seychelles","690","SC","SYC"
"5101","Eastern Africa","201","Somalia","706","SO","SOM"
"5101","Eastern Africa","277","South Sudan","728","SS","SSD"
"5101","Eastern Africa","226","Uganda","800","UG","UGA"
"5101","Eastern Africa","215","United Republic of Tanzania","834","TZ","TZA"
"5101","Eastern Africa","251","Zambia","894","ZM","ZMB"
"5101","Eastern Africa","181","Zimbabwe","716","ZW","ZWE"
"5302","Eastern Asia","96","China, Hong Kong SAR","344","HK","HKG"
"5302","Eastern Asia","128","China, Macao SAR","446","MO","MAC"
"5302","Eastern Asia","41","China, mainland","1248","CN","CHN"
"5302","Eastern Asia","214","China, Taiwan Province of","158","TW","TWN"
"5302","Eastern Asia","116","Democratic People's Republic of Korea","408","KP","PRK"
"5302","Eastern Asia","110","Japan","392","JP","JPN"
"5302","Eastern Asia","141","Mongolia","496","MN","MNG"
"5302","Eastern Asia","117","Republic of Korea","410","KR","KOR"
"5401","Eastern Europe","57","Belarus","112","BY","BLR"
"5401","Eastern Europe","27","Bulgaria","100","BG","BGR"
"5401","Eastern Europe","167","Czechia","203","CZ","CZE"
"5401","Eastern Europe","51","Czechoslovakia","200","",""
"5401","Eastern Europe","97","Hungary","348","HU","HUN"
"5401","Eastern Europe","173","Poland","616","PL","POL"
"5401","Eastern Europe","146","Republic of Moldova","498","MD","MDA"
"5401","Eastern Europe","183","Romania","642","RO","ROU"
"5401","Eastern Europe","185","Russian Federation","643","RU","RUS"
"5401","Eastern Europe","199","Slovakia","703","SK","SVK"
"5401","Eastern Europe","230","Ukraine","804","UA","UKR"
"5401","Eastern Europe","228","USSR","810","",""
"5400","Europe","3","Albania","8","AL","ALB"
"5400","Europe","6","Andorra","20","AD","AND"
"5400","Europe","11","Austria","40","AT","AUT"
"5400","Europe","57","Belarus","112","BY","BLR"
"5400","Europe","255","Belgium","56","BE","BEL"
"5400","Europe","15","Belgium-Luxembourg","58","",""
"5400","Europe","80","Bosnia and Herzegovina","70","BA","BIH"
"5400","Europe","27","Bulgaria","100","BG","BGR"
"5400","Europe","259","Channel Islands","830","","CHA"
"5400","Europe","98","Croatia","191","HR","HRV"
"5400","Europe","167","Czechia","203","CZ","CZE"
"5400","Europe","51","Czechoslovakia","200","",""
"5400","Europe","54","Denmark","208","DK","DNK"
"5400","Europe","63","Estonia","233","EE","EST"
"5400","Europe","64","Faroe Islands","234","FO","FRO"
"5400","Europe","67","Finland","246","FI","FIN"
"5400","Europe","68","France","250","FR","FRA"
"5400","Europe","79","Germany","276","DE","DEU"
"5400","Europe","82","Gibraltar","292","GI","GIB"
"5400","Europe","84","Greece","300","GR","GRC"
"5400","Europe","94","Holy See","336","VA","VAT"
"5400","Europe","97","Hungary","348","HU","HUN"
"5400","Europe","99","Iceland","352","IS","ISL"
"5400","Europe","104","Ireland","372","IE","IRL"
"5400","Europe","264","Isle of Man","833","IM","IMN"
"5400","Europe","106","Italy","380","IT","ITA"
"5400","Europe","119","Latvia","428","LV","LVA"
"5400","Europe","125","Liechtenstein","438","LI","LIE"
"5400","Europe","126","Lithuania","440","LT","LTU"
"5400","Europe","256","Luxembourg","442","LU","LUX"
"5400","Europe","134","Malta","470","MT","MLT"
"5400","Europe","140","Monaco","492","MC","MCO"
"5400","Europe","273","Montenegro","499","ME","MNE"
"5400","Europe","150","Netherlands","528","NL","NLD"
"5400","Europe","154","North Macedonia","807","MK","MKD"
"5400","Europe","619","Northern Europe, unspecified","","",""
"5400","Europe","162","Norway","578","NO","NOR"
"5400","Europe","173","Poland","616","PL","POL"
"5400","Europe","174","Portugal","620","PT","PRT"
"5400","Europe","146","Republic of Moldova","498","MD","MDA"
"5400","Europe","183","Romania","642","RO","ROU"
"5400","Europe","185","Russian Federation","643","RU","RUS"
"5400","Europe","192","San Marino","674","SM","SMR"
"5400","Europe","272","Serbia","688","RS","SRB"
"5400","Europe","186","Serbia and Montenegro","891","CS","SCG"
"5400","Europe","199","Slovakia","703","SK","SVK"
"5400","Europe","198","Slovenia","705","SI","SVN"
"5400","Europe","620","Southern Europe, unspecified","","",""
"5400","Europe","203","Spain","724","ES","ESP"
"5400","Europe","260","Svalbard and Jan Mayen Islands","744","SJ","SJM"
"5400","Europe","210","Sweden","752","SE","SWE"
"5400","Europe","211","Switzerland","756","CH","CHE"
"5400","Europe","230","Ukraine","804","UA","UKR"
"5400","Europe","229","United Kingdom","826","GB","GBR"
"5400","Europe","228","USSR","810","",""
"5400","Europe","621","Western Europe, unspecified","","",""
"5400","Europe","248","Yugoslav SFR","890","",""
"5706","European Union","11","Austria","40","AT","AUT"
"5706","European Union","255","Belgium","56","BE","BEL"
"5706","European Union","15","Belgium-Luxembourg","58","",""
"5706","European Union","27","Bulgaria","100","BG","BGR"
"5706","European Union","98","Croatia","191","HR","HRV"
"5706","European Union","50","Cyprus","196","CY","CYP"
"5706","European Union","167","Czechia","203","CZ","CZE"
"5706","European Union","54","Denmark","208","DK","DNK"
"5706","European Union","63","Estonia","233","EE","EST"
"5706","European Union","67","Finland","246","FI","FIN"
"5706","European Union","68","France","250","FR","FRA"
"5706","European Union","79","Germany","276","DE","DEU"
"5706","European Union","84","Greece","300","GR","GRC"
"5706","European Union","97","Hungary","348","HU","HUN"
"5706","European Union","104","Ireland","372","IE","IRL"
"5706","European Union","106","Italy","380","IT","ITA"
"5706","European Union","119","Latvia","428","LV","LVA"
"5706","European Union","126","Lithuania","440","LT","LTU"
"5706","European Union","256","Luxembourg","442","LU","LUX"
"5706","European Union","134","Malta","470","MT","MLT"
"5706","European Union","150","Netherlands","528","NL","NLD"
"5706","European Union","173","Poland","616","PL","POL"
"5706","European Union","174","Portugal","620","PT","PRT"
"5706","European Union","183","Romania","642","RO","ROU"
"5706","European Union","199","Slovakia","703","SK","SVK"
"5706","European Union","198","Slovenia","705","SI","SVN"
"5706","European Union","203","Spain","724","ES","ESP"
"5706","European Union","210","Sweden","752","SE","SWE"
"5706","European Union","229","United Kingdom","826","GB","GBR"
"5802","Land Locked Developing Countries","2","Afghanistan","4","AF","AFG"
"5802","Land Locked Developing Countries","1","Armenia","51","AM","ARM"
"5802","Land Locked Developing Countries","52","Azerbaijan","31","AZ","AZE"
"5802","Land Locked Developing Countries","18","Bhutan","64","BT","BTN"
"5802","Land Locked Developing Countries","19","Bolivia (Plurinational State of)","68","BO","BOL"
"5802","Land Locked Developing Countries","20","Botswana","72","BW","BWA"
"5802","Land Locked Developing Countries","233","Burkina Faso","854","BF","BFA"
"5802","Land Locked Developing Countries","29","Burundi","108","BI","BDI"
"5802","Land Locked Developing Countries","37","Central African Republic","140","CF","CAF"
"5802","Land Locked Developing Countries","39","Chad","148","TD","TCD"
"5802","Land Locked Developing Countries","209","Eswatini","748","SZ","SWZ"
"5802","Land Locked Developing Countries","238","Ethiopia","231","ET","ETH"
"5802","Land Locked Developing Countries","108","Kazakhstan","398","KZ","KAZ"
"5802","Land Locked Developing Countries","113","Kyrgyzstan","417","KG","KGZ"
"5802","Land Locked Developing Countries","120","Lao People's Democratic Republic","418","LA","LAO"
"5802","Land Locked Developing Countries","122","Lesotho","426","LS","LSO"
"5802","Land Locked Developing Countries","130","Malawi","454","MW","MWI"
"5802","Land Locked Developing Countries","133","Mali","466","ML","MLI"
"5802","Land Locked Developing Countries","141","Mongolia","496","MN","MNG"
"5802","Land Locked Developing Countries","149","Nepal","524","NP","NPL"
"5802","Land Locked Developing Countries","158","Niger","562","NE","NER"
"5802","Land Locked Developing Countries","154","North Macedonia","807","MK","MKD"
"5802","Land Locked Developing Countries","169","Paraguay","600","PY","PRY"
"5802","Land Locked Developing Countries","146","Republic of Moldova","498","MD","MDA"
"5802","Land Locked Developing Countries","184","Rwanda","646","RW","RWA"
"5802","Land Locked Developing Countries","277","South Sudan","728","SS","SSD"
"5802","Land Locked Developing Countries","208","Tajikistan","762","TJ","TJK"
"5802","Land Locked Developing Countries","213","Turkmenistan","795","TM","TKM"
"5802","Land Locked Developing Countries","226","Uganda","800","UG","UGA"
"5802","Land Locked Developing Countries","235","Uzbekistan","860","UZ","UZB"
"5802","Land Locked Developing Countries","251","Zambia","894","ZM","ZMB"
"5802","Land Locked Developing Countries","181","Zimbabwe","716","ZW","ZWE"
"5801","Least Developed Countries","2","Afghanistan","4","AF","AFG"
"5801","Least Developed Countries","7","Angola","24","AO","AGO"
"5801","Least Developed Countries","16","Bangladesh","50","BD","BGD"
"5801","Least Developed Countries","53","Benin","204","BJ","BEN"
"5801","Least Developed Countries","18","Bhutan","64","BT","BTN"
"5801","Least Developed Countries","233","Burkina Faso","854","BF","BFA"
"5801","Least Developed Countries","29","Burundi","108","BI","BDI"
"5801","Least Developed Countries","115","Cambodia","116","KH","KHM"
"5801","Least Developed Countries","37","Central African Republic","140","CF","CAF"
"5801","Least Developed Countries","39","Chad","148","TD","TCD"
"5801","Least Developed Countries","45","Comoros","174","KM","COM"
"5801","Least Developed Countries","250","Democratic Republic of the Congo","180","CD","COD"
"5801","Least Developed Countries","72","Djibouti","262","DJ","DJI"
"5801","Least Developed Countries","178","Eritrea","232","ER","ERI"
"5801","Least Developed Countries","238","Ethiopia","231","ET","ETH"
"5801","Least Developed Countries","62","Ethiopia PDR","230","",""
"5801","Least Developed Countries","75","Gambia","270","GM","GMB"
"5801","Least Developed Countries","90","Guinea","324","GN","GIN"
"5801","Least Developed Countries","175","Guinea-Bissau","624","GW","GNB"
"5801","Least Developed Countries","93","Haiti","332","HT","HTI"
"5801","Least Developed Countries","83","Kiribati","296","KI","KIR"
"5801","Least Developed Countries","120","Lao People's Democratic Republic","418","LA","LAO"
"5801","Least Developed Countries","122","Lesotho","426","LS","LSO"
"5801","Least Developed Countries","123","Liberia","430","LR","LBR"
"5801","Least Developed Countries","129","Madagascar","450","MG","MDG"
"5801","Least Developed Countries","130","Malawi","454","MW","MWI"
"5801","Least Developed Countries","133","Mali","466","ML","MLI"
"5801","Least Developed Countries","136","Mauritania","478","MR","MRT"
"5801","Least Developed Countries","144","Mozambique","508","MZ","MOZ"
"5801","Least Developed Countries","28","Myanmar","104","MM","MMR"
"5801","Least Developed Countries","149","Nepal","524","NP","NPL"
"5801","Least Developed Countries","158","Niger","562","NE","NER"
"5801","Least Developed Countries","184","Rwanda","646","RW","RWA"
"5801","Least Developed Countries","193","Sao Tome and Principe","678","ST","STP"
"5801","Least Developed Countries","195","Senegal","686","SN","SEN"
"5801","Least Developed Countries","197","Sierra Leone","694","SL","SLE"
"5801","Least Developed Countries","25","Solomon Islands","90","SB","SLB"
"5801","Least Developed Countries","201","Somalia","706","SO","SOM"
"5801","Least Developed Countries","277","South Sudan","728","SS","SSD"
"5801","Least Developed Countries","276","Sudan","729","SD","SDN"
"5801","Least Developed Countries","206","Sudan (former)","736","SD",""
"5801","Least Developed Countries","176","Timor-Leste","626","TL","TLS"
"5801","Least Developed Countries","217","Togo","768","TG","TGO"
"5801","Least Developed Countries","227","Tuvalu","798","TV","TUV"
"5801","Least Developed Countries","226","Uganda","800","UG","UGA"
"5801","Least Developed Countries","215","United Republic of Tanzania","834","TZ","TZA"
"5801","Least Developed Countries","155","Vanuatu","548","VU","VUT"
"5801","Least Developed Countries","249","Yemen","887","YE","YEM"
"5801","Least Developed Countries","251","Zambia","894","ZM","ZMB"
"5815","Low Income Food Deficit Countries","2","Afghanistan","4","AF","AFG"
"5815","Low Income Food Deficit Countries","16","Bangladesh","50","BD","BGD"
"5815","Low Income Food Deficit Countries","53","Benin","204","BJ","BEN"
"5815","Low Income Food Deficit Countries","233","Burkina Faso","854","BF","BFA"
"5815","Low Income Food Deficit Countries","29","Burundi","108","BI","BDI"
"5815","Low Income Food Deficit Countries","32","Cameroon","120","CM","CMR"
"5815","Low Income Food Deficit Countries","37","Central African Republic","140","CF","CAF"
"5815","Low Income Food Deficit Countries","39","Chad","148","TD","TCD"
"5815","Low Income Food Deficit Countries","45","Comoros","174","KM","COM"
"5815","Low Income Food Deficit Countries","46","Congo","178","CG","COG"
"5815","Low Income Food Deficit Countries","107","Côte d'Ivoire","384","CI","CIV"
"5815","Low Income Food Deficit Countries","116","Democratic People's Republic of Korea","408","KP","PRK"
"5815","Low Income Food Deficit Countries","250","Democratic Republic of the Congo","180","CD","COD"
"5815","Low Income Food Deficit Countries","72","Djibouti","262","DJ","DJI"
"5815","Low Income Food Deficit Countries","178","Eritrea","232","ER","ERI"
"5815","Low Income Food Deficit Countries","238","Ethiopia","231","ET","ETH"
"5815","Low Income Food Deficit Countries","62","Ethiopia PDR","230","",""
"5815","Low Income Food Deficit Countries","75","Gambia","270","GM","GMB"
"5815","Low Income Food Deficit Countries","81","Ghana","288","GH","GHA"
"5815","Low Income Food Deficit Countries","90","Guinea","324","GN","GIN"
"5815","Low Income Food Deficit Countries","175","Guinea-Bissau","624","GW","GNB"
"5815","Low Income Food Deficit Countries","93","Haiti","332","HT","HTI"
"5815","Low Income Food Deficit Countries","100","India","356","IN","IND"
"5815","Low Income Food Deficit Countries","114","Kenya","404","KE","KEN"
"5815","Low Income Food Deficit Countries","113","Kyrgyzstan","417","KG","KGZ"
"5815","Low Income Food Deficit Countries","122","Lesotho","426","LS","LSO"
"5815","Low Income Food Deficit Countries","123","Liberia","430","LR","LBR"
"5815","Low Income Food Deficit Countries","129","Madagascar","450","MG","MDG"
"5815","Low Income Food Deficit Countries","130","Malawi","454","MW","MWI"
"5815","Low Income Food Deficit Countries","133","Mali","466","ML","MLI"
"5815","Low Income Food Deficit Countries","136","Mauritania","478","MR","MRT"
"5815","Low Income Food Deficit Countries","144","Mozambique","508","MZ","MOZ"
"5815","Low Income Food Deficit Countries","149","Nepal","524","NP","NPL"
"5815","Low Income Food Deficit Countries","157","Nicaragua","558","NI","NIC"
"5815","Low Income Food Deficit Countries","158","Niger","562","NE","NER"
"5815","Low Income Food Deficit Countries","184","Rwanda","646","RW","RWA"
"5815","Low Income Food Deficit Countries","193","Sao Tome and Principe","678","ST","STP"
"5815","Low Income Food Deficit Countries","195","Senegal","686","SN","SEN"
"5815","Low Income Food Deficit Countries","197","Sierra Leone","694","SL","SLE"
"5815","Low Income Food Deficit Countries","25","Solomon Islands","90","SB","SLB"
"5815","Low Income Food Deficit Countries","201","Somalia","706","SO","SOM"
"5815","Low Income Food Deficit Countries","277","South Sudan","728","SS","SSD"
"5815","Low Income Food Deficit Countries","276","Sudan","729","SD","SDN"
"5815","Low Income Food Deficit Countries","206","Sudan (former)","736","SD",""
"5815","Low Income Food Deficit Countries","212","Syrian Arab Republic","760","SY","SYR"
"5815","Low Income Food Deficit Countries","208","Tajikistan","762","TJ","TJK"
"5815","Low Income Food Deficit Countries","217","Togo","768","TG","TGO"
"5815","Low Income Food Deficit Countries","226","Uganda","800","UG","UGA"
"5815","Low Income Food Deficit Countries","215","United Republic of Tanzania","834","TZ","TZA"
"5815","Low Income Food Deficit Countries","235","Uzbekistan","860","UZ","UZB"
"5815","Low Income Food Deficit Countries","237","Viet Nam","704","VN","VNM"
"5815","Low Income Food Deficit Countries","249","Yemen","887","YE","YEM"
"5815","Low Income Food Deficit Countries","181","Zimbabwe","716","ZW","ZWE"
"5502","Melanesia","66","Fiji","242","FJ","FJI"
"5502","Melanesia","153","New Caledonia","540","NC","NCL"
"5502","Melanesia","168","Papua New Guinea","598","PG","PNG"
"5502","Melanesia","25","Solomon Islands","90","SB","SLB"
"5502","Melanesia","155","Vanuatu","548","VU","VUT"
"5503","Micronesia","88","Guam","316","GU","GUM"
"5503","Micronesia","83","Kiribati","296","KI","KIR"
"5503","Micronesia","127","Marshall Islands","584","MH","MHL"
"5503","Micronesia","145","Micronesia (Federated States of)","583","FM","FSM"
"5503","Micronesia","617","Micronesia, unspecified","","",""
"5503","Micronesia","148","Nauru","520","NR","NRU"
"5503","Micronesia","163","Northern Mariana Islands","580","MP","MNP"
"5503","Micronesia","164","Pacific Islands Trust Territory","582","","164"
"5503","Micronesia","180","Palau","585","PW","PLW"
"5102","Middle Africa","7","Angola","24","AO","AGO"
"5102","Middle Africa","32","Cameroon","120","CM","CMR"
"5102","Middle Africa","37","Central African Republic","140","CF","CAF"
"5102","Middle Africa","39","Chad","148","TD","TCD"
"5102","Middle Africa","46","Congo","178","CG","COG"
"5102","Middle Africa","250","Democratic Republic of the Congo","180","CD","COD"
"5102","Middle Africa","61","Equatorial Guinea","226","GQ","GNQ"
"5102","Middle Africa","74","Gabon","266","GA","GAB"
"5102","Middle Africa","193","Sao Tome and Principe","678","ST","STP"
"5817","Net Food Importing Developing Countries","2","Afghanistan","4","AF","AFG"
"5817","Net Food Importing Developing Countries","7","Angola","24","AO","AGO"
"5817","Net Food Importing Developing Countries","8","Antigua and Barbuda","28","AG","ATG"
"5817","Net Food Importing Developing Countries","16","Bangladesh","50","BD","BGD"
"5817","Net Food Importing Developing Countries","14","Barbados","52","BB","BRB"
"5817","Net Food Importing Developing Countries","53","Benin","204","BJ","BEN"
"5817","Net Food Importing Developing Countries","18","Bhutan","64","BT","BTN"
"5817","Net Food Importing Developing Countries","20","Botswana","72","BW","BWA"
"5817","Net Food Importing Developing Countries","233","Burkina Faso","854","BF","BFA"
"5817","Net Food Importing Developing Countries","29","Burundi","108","BI","BDI"
"5817","Net Food Importing Developing Countries","115","Cambodia","116","KH","KHM"
"5817","Net Food Importing Developing Countries","37","Central African Republic","140","CF","CAF"
"5817","Net Food Importing Developing Countries","39","Chad","148","TD","TCD"
"5817","Net Food Importing Developing Countries","45","Comoros","174","KM","COM"
"5817","Net Food Importing Developing Countries","107","Côte d'Ivoire","384","CI","CIV"
"5817","Net Food Importing Developing Countries","49","Cuba","192","CU","CUB"
"5817","Net Food Importing Developing Countries","250","Democratic Republic of the Congo","180","CD","COD"
"5817","Net Food Importing Developing Countries","72","Djibouti","262","DJ","DJI"
"5817","Net Food Importing Developing Countries","55","Dominica","212","DM","DMA"
"5817","Net Food Importing Developing Countries","56","Dominican Republic","214","DO","DOM"
"5817","Net Food Importing Developing Countries","59","Egypt","818","EG","EGY"
"5817","Net Food Importing Developing Countries","60","El Salvador","222","SV","SLV"
"5817","Net Food Importing Developing Countries","178","Eritrea","232","ER","ERI"
"5817","Net Food Importing Developing Countries","209","Eswatini","748","SZ","SWZ"
"5817","Net Food Importing Developing Countries","238","Ethiopia","231","ET","ETH"
"5817","Net Food Importing Developing Countries","62","Ethiopia PDR","230","",""
"5817","Net Food Importing Developing Countries","74","Gabon","266","GA","GAB"
"5817","Net Food Importing Developing Countries","75","Gambia","270","GM","GMB"
"5817","Net Food Importing Developing Countries","86","Grenada","308","GD","GRD"
"5817","Net Food Importing Developing Countries","90","Guinea","324","GN","GIN"
"5817","Net Food Importing Developing Countries","175","Guinea-Bissau","624","GW","GNB"
"5817","Net Food Importing Developing Countries","93","Haiti","332","HT","HTI"
"5817","Net Food Importing Developing Countries","95","Honduras","340","HN","HND"
"5817","Net Food Importing Developing Countries","109","Jamaica","388","JM","JAM"
"5817","Net Food Importing Developing Countries","112","Jordan","400","JO","JOR"
"5817","Net Food Importing Developing Countries","114","Kenya","404","KE","KEN"
"5817","Net Food Importing Developing Countries","83","Kiribati","296","KI","KIR"
"5817","Net Food Importing Developing Countries","120","Lao People's Democratic Republic","418","LA","LAO"
"5817","Net Food Importing Developing Countries","122","Lesotho","426","LS","LSO"
"5817","Net Food Importing Developing Countries","123","Liberia","430","LR","LBR"
"5817","Net Food Importing Developing Countries","129","Madagascar","450","MG","MDG"
"5817","Net Food Importing Developing Countries","130","Malawi","454","MW","MWI"
"5817","Net Food Importing Developing Countries","132","Maldives","462","MV","MDV"
"5817","Net Food Importing Developing Countries","133","Mali","466","ML","MLI"
"5817","Net Food Importing Developing Countries","136","Mauritania","478","MR","MRT"
"5817","Net Food Importing Developing Countries","137","Mauritius","480","MU","MUS"
"5817","Net Food Importing Developing Countries","141","Mongolia","496","MN","MNG"
"5817","Net Food Importing Developing Countries","143","Morocco","504","MA","MAR"
"5817","Net Food Importing Developing Countries","144","Mozambique","508","MZ","MOZ"
"5817","Net Food Importing Developing Countries","28","Myanmar","104","MM","MMR"
"5817","Net Food Importing Developing Countries","147","Namibia","516","NA","NAM"
"5817","Net Food Importing Developing Countries","149","Nepal","524","NP","NPL"
"5817","Net Food Importing Developing Countries","158","Niger","562","NE","NER"
"5817","Net Food Importing Developing Countries","165","Pakistan","586","PK","PAK"
"5817","Net Food Importing Developing Countries","170","Peru","604","PE","PER"
"5817","Net Food Importing Developing Countries","184","Rwanda","646","RW","RWA"
"5817","Net Food Importing Developing Countries","188","Saint Kitts and Nevis","659","KN","KNA"
"5817","Net Food Importing Developing Countries","189","Saint Lucia","662","LC","LCA"
"5817","Net Food Importing Developing Countries","191","Saint Vincent and the Grenadines","670","VC","VCT"
"5817","Net Food Importing Developing Countries","193","Sao Tome and Principe","678","ST","STP"
"5817","Net Food Importing Developing Countries","195","Senegal","686","SN","SEN"
"5817","Net Food Importing Developing Countries","197","Sierra Leone","694","SL","SLE"
"5817","Net Food Importing Developing Countries","25","Solomon Islands","90","SB","SLB"
"5817","Net Food Importing Developing Countries","201","Somalia","706","SO","SOM"
"5817","Net Food Importing Developing Countries","277","South Sudan","728","SS","SSD"
"5817","Net Food Importing Developing Countries","38","Sri Lanka","144","LK","LKA"
"5817","Net Food Importing Developing Countries","276","Sudan","729","SD","SDN"
"5817","Net Food Importing Developing Countries","206","Sudan (former)","736","SD",""
"5817","Net Food Importing Developing Countries","176","Timor-Leste","626","TL","TLS"
"5817","Net Food Importing Developing Countries","217","Togo","768","TG","TGO"
"5817","Net Food Importing Developing Countries","220","Trinidad and Tobago","780","TT","TTO"
"5817","Net Food Importing Developing Countries","222","Tunisia","788","TN","TUN"
"5817","Net Food Importing Developing Countries","227","Tuvalu","798","TV","TUV"
"5817","Net Food Importing Developing Countries","226","Uganda","800","UG","UGA"
"5817","Net Food Importing Developing Countries","215","United Republic of Tanzania","834","TZ","TZA"
"5817","Net Food Importing Developing Countries","155","Vanuatu","548","VU","VUT"
"5817","Net Food Importing Developing Countries","236","Venezuela (Bolivarian Republic of)","862","VE","VEN"
"5817","Net Food Importing Developing Countries","249","Yemen","887","YE","YEM"
"5817","Net Food Importing Developing Countries","251","Zambia","894","ZM","ZMB"
"5103","Northern Africa","4","Algeria","12","DZ","DZA"
"5103","Northern Africa","59","Egypt","818","EG","EGY"
"5103","Northern Africa","124","Libya","434","LY","LBY"
"5103","Northern Africa","143","Morocco","504","MA","MAR"
"5103","Northern Africa","276","Sudan","729","SD","SDN"
"5103","Northern Africa","206","Sudan (former)","736","SD",""
"5103","Northern Africa","222","Tunisia","788","TN","TUN"
"5103","Northern Africa","205","Western Sahara","732","EH","ESH"
"5203","Northern America","17","Bermuda","60","BM","BMU"
"5203","Northern America","33","Canada","124","CA","CAN"
"5203","Northern America","85","Greenland","304","GL","GRL"
"5203","Northern America","190","Saint Pierre and Miquelon","666","PM","SPM"
"5203","Northern America","231","United States of America","840","US","USA"
"5402","Northern Europe","259","Channel Islands","830","","CHA"
"5402","Northern Europe","54","Denmark","208","DK","DNK"
"5402","Northern Europe","63","Estonia","233","EE","EST"
"5402","Northern Europe","64","Faroe Islands","234","FO","FRO"
"5402","Northern Europe","67","Finland","246","FI","FIN"
"5402","Northern Europe","99","Iceland","352","IS","ISL"
"5402","Northern Europe","104","Ireland","372","IE","IRL"
"5402","Northern Europe","264","Isle of Man","833","IM","IMN"
"5402","Northern Europe","119","Latvia","428","LV","LVA"
"5402","Northern Europe","126","Lithuania","440","LT","LTU"
"5402","Northern Europe","162","Norway","578","NO","NOR"
"5402","Northern Europe","260","Svalbard and Jan Mayen Islands","744","SJ","SJM"
"5402","Northern Europe","210","Sweden","752","SE","SWE"
"5402","Northern Europe","229","United Kingdom","826","GB","GBR"
"5500","Oceania","5","American Samoa","16","AS","ASM"
"5500","Oceania","10","Australia","36","AU","AUS"
"5500","Oceania","47","Cook Islands","184","CK","COK"
"5500","Oceania","66","Fiji","242","FJ","FJI"
"5500","Oceania","70","French Polynesia","258","PF","PYF"
"5500","Oceania","88","Guam","316","GU","GUM"
"5500","Oceania","83","Kiribati","296","KI","KIR"
"5500","Oceania","127","Marshall Islands","584","MH","MHL"
"5500","Oceania","145","Micronesia (Federated States of)","583","FM","FSM"
"5500","Oceania","617","Micronesia, unspecified","","",""
"5500","Oceania","148","Nauru","520","NR","NRU"
"5500","Oceania","153","New Caledonia","540","NC","NCL"
"5500","Oceania","156","New Zealand","554","NZ","NZL"
"5500","Oceania","160","Niue","570","NU","NIU"
"5500","Oceania","161","Norfolk Island","574","NF","NFK"
"5500","Oceania","163","Northern Mariana Islands","580","MP","MNP"
"5500","Oceania","164","Pacific Islands Trust Territory","582","","164"
"5500","Oceania","180","Palau","585","PW","PLW"
"5500","Oceania","168","Papua New Guinea","598","PG","PNG"
"5500","Oceania","172","Pitcairn Islands","612","PN","PCN"
"5500","Oceania","618","Polynesia, unspecified","","",""
"5500","Oceania","244","Samoa","882","WS","WSM"
"5500","Oceania","25","Solomon Islands","90","SB","SLB"
"5500","Oceania","218","Tokelau","772","TK","TKL"
"5500","Oceania","219","Tonga","776","TO","TON"
"5500","Oceania","227","Tuvalu","798","TV","TUV"
"5500","Oceania","155","Vanuatu","548","VU","VUT"
"5500","Oceania","243","Wallis and Futuna Islands","876","WF","WLF"
"5504","Polynesia","5","American Samoa","16","AS","ASM"
"5504","Polynesia","47","Cook Islands","184","CK","COK"
"5504","Polynesia","70","French Polynesia","258","PF","PYF"
"5504","Polynesia","160","Niue","570","NU","NIU"
"5504","Polynesia","172","Pitcairn Islands","612","PN","PCN"
"5504","Polynesia","618","Polynesia, unspecified","","",""
"5504","Polynesia","244","Samoa","882","WS","WSM"
"5504","Polynesia","218","Tokelau","772","TK","TKL"
"5504","Polynesia","219","Tonga","776","TO","TON"
"5504","Polynesia","227","Tuvalu","798","TV","TUV"
"5504","Polynesia","243","Wallis and Futuna Islands","876","WF","WLF"
"5803","Small Island Developing States","5","American Samoa","16","AS","ASM"
"5803","Small Island Developing States","258","Anguilla","660","AI","AIA"
"5803","Small Island Developing States","8","Antigua and Barbuda","28","AG","ATG"
"5803","Small Island Developing States","22","Aruba","533","AW","ABW"
"5803","Small Island Developing States","12","Bahamas","44","BS","BHS"
"5803","Small Island Developing States","13","Bahrain","48","BH","BHR"
"5803","Small Island Developing States","14","Barbados","52","BB","BRB"
"5803","Small Island Developing States","23","Belize","84","BZ","BLZ"
"5803","Small Island Developing States","17","Bermuda","60","BM","BMU"
"5803","Small Island Developing States","239","British Virgin Islands","92","VG","VGB"
"5803","Small Island Developing States","35","Cabo Verde","132","CV","CPV"
"5803","Small Island Developing States","36","Cayman Islands","136","KY","CYM"
"5803","Small Island Developing States","45","Comoros","174","KM","COM"
"5803","Small Island Developing States","47","Cook Islands","184","CK","COK"
"5803","Small Island Developing States","49","Cuba","192","CU","CUB"
"5803","Small Island Developing States","279","Curaçao","531","","CUW"
"5803","Small Island Developing States","55","Dominica","212","DM","DMA"
"5803","Small Island Developing States","56","Dominican Republic","214","DO","DOM"
"5803","Small Island Developing States","66","Fiji","242","FJ","FJI"
"5803","Small Island Developing States","70","French Polynesia","258","PF","PYF"
"5803","Small Island Developing States","86","Grenada","308","GD","GRD"
"5803","Small Island Developing States","87","Guadeloupe","312","GP","GLP"
"5803","Small Island Developing States","88","Guam","316","GU","GUM"
"5803","Small Island Developing States","175","Guinea-Bissau","624","GW","GNB"
"5803","Small Island Developing States","91","Guyana","328","GY","GUY"
"5803","Small Island Developing States","93","Haiti","332","HT","HTI"
"5803","Small Island Developing States","109","Jamaica","388","JM","JAM"
"5803","Small Island Developing States","83","Kiribati","296","KI","KIR"
"5803","Small Island Developing States","132","Maldives","462","MV","MDV"
"5803","Small Island Developing States","127","Marshall Islands","584","MH","MHL"
"5803","Small Island Developing States","135","Martinique","474","MQ","MTQ"
"5803","Small Island Developing States","137","Mauritius","480","MU","MUS"
"5803","Small Island Developing States","145","Micronesia (Federated States of)","583","FM","FSM"
"5803","Small Island Developing States","142","Montserrat","500","MS","MSR"
"5803","Small Island Developing States","148","Nauru","520","NR","NRU"
"5803","Small Island Developing States","153","New Caledonia","540","NC","NCL"
"5803","Small Island Developing States","160","Niue","570","NU","NIU"
"5803","Small Island Developing States","163","Northern Mariana Islands","580","MP","MNP"
"5803","Small Island Developing States","180","Palau","585","PW","PLW"
"5803","Small Island Developing States","168","Papua New Guinea","598","PG","PNG"
"5803","Small Island Developing States","177","Puerto Rico","630","PR","PRI"
"5803","Small Island Developing States","188","Saint Kitts and Nevis","659","KN","KNA"
"5803","Small Island Developing States","189","Saint Lucia","662","LC","LCA"
"5803","Small Island Developing States","191","Saint Vincent and the Grenadines","670","VC","VCT"
"5803","Small Island Developing States","244","Samoa","882","WS","WSM"
"5803","Small Island Developing States","193","Sao Tome and Principe","678","ST","STP"
"5803","Small Island Developing States","196","Seychelles","690","SC","SYC"
"5803","Small Island Developing States","200","Singapore","702","SG","SGP"
"5803","Small Island Developing States","280","Sint Maarten (Dutch Part)","534","","SXM"
"5803","Small Island Developing States","25","Solomon Islands","90","SB","SLB"
"5803","Small Island Developing States","207","Suriname","740","SR","SUR"
"5803","Small Island Developing States","176","Timor-Leste","626","TL","TLS"
"5803","Small Island Developing States","219","Tonga","776","TO","TON"
"5803","Small Island Developing States","220","Trinidad and Tobago","780","TT","TTO"
"5803","Small Island Developing States","224","Turks and Caicos Islands","796","TC","TCA"
"5803","Small Island Developing States","227","Tuvalu","798","TV","TUV"
"5803","Small Island Developing States","240","United States Virgin Islands","850","VI","VIR"
"5803","Small Island Developing States","155","Vanuatu","548","VU","VUT"
"5207","South America","9","Argentina","32","AR","ARG"
"5207","South America","19","Bolivia (Plurinational State of)","68","BO","BOL"
"5207","South America","21","Brazil","76","BR","BRA"
"5207","South America","40","Chile","152","CL","CHL"
"5207","South America","44","Colombia","170","CO","COL"
"5207","South America","58","Ecuador","218","EC","ECU"
"5207","South America","65","Falkland Islands (Malvinas)","238","FK","FLK"
"5207","South America","69","French Guiana","254","GF","GUF"
"5207","South America","91","Guyana","328","GY","GUY"
"5207","South America","169","Paraguay","600","PY","PRY"
"5207","South America","170","Peru","604","PE","PER"
"5207","South America","207","Suriname","740","SR","SUR"
"5207","South America","234","Uruguay","858","UY","URY"
"5207","South America","236","Venezuela (Bolivarian Republic of)","862","VE","VEN"
"5304","South-Eastern Asia","26","Brunei Darussalam","96","BN","BRN"
"5304","South-Eastern Asia","115","Cambodia","116","KH","KHM"
"5304","South-Eastern Asia","101","Indonesia","360","ID","IDN"
"5304","South-Eastern Asia","120","Lao People's Democratic Republic","418","LA","LAO"
"5304","South-Eastern Asia","131","Malaysia","458","MY","MYS"
"5304","South-Eastern Asia","28","Myanmar","104","MM","MMR"
"5304","South-Eastern Asia","171","Philippines","608","PH","PHL"
"5304","South-Eastern Asia","200","Singapore","702","SG","SGP"
"5304","South-Eastern Asia","216","Thailand","764","TH","THA"
"5304","South-Eastern Asia","176","Timor-Leste","626","TL","TLS"
"5304","South-Eastern Asia","237","Viet Nam","704","VN","VNM"
"5104","Southern Africa","20","Botswana","72","BW","BWA"
"5104","Southern Africa","209","Eswatini","748","SZ","SWZ"
"5104","Southern Africa","122","Lesotho","426","LS","LSO"
"5104","Southern Africa","147","Namibia","516","NA","NAM"
"5104","Southern Africa","202","South Africa","710","ZA","ZAF"
"5303","Southern Asia","2","Afghanistan","4","AF","AFG"
"5303","Southern Asia","16","Bangladesh","50","BD","BGD"
"5303","Southern Asia","18","Bhutan","64","BT","BTN"
"5303","Southern Asia","100","India","356","IN","IND"
"5303","Southern Asia","102","Iran (Islamic Republic of)","364","IR","IRN"
"5303","Southern Asia","132","Maldives","462","MV","MDV"
"5303","Southern Asia","149","Nepal","524","NP","NPL"
"5303","Southern Asia","165","Pakistan","586","PK","PAK"
"5303","Southern Asia","38","Sri Lanka","144","LK","LKA"
"5403","Southern Europe","3","Albania","8","AL","ALB"
"5403","Southern Europe","6","Andorra","20","AD","AND"
"5403","Southern Europe","80","Bosnia and Herzegovina","70","BA","BIH"
"5403","Southern Europe","98","Croatia","191","HR","HRV"
"5403","Southern Europe","82","Gibraltar","292","GI","GIB"
"5403","Southern Europe","84","Greece","300","GR","GRC"
"5403","Southern Europe","94","Holy See","336","VA","VAT"
"5403","Southern Europe","106","Italy","380","IT","ITA"
"5403","Southern Europe","134","Malta","470","MT","MLT"
"5403","Southern Europe","273","Montenegro","499","ME","MNE"
"5403","Southern Europe","154","North Macedonia","807","MK","MKD"
"5403","Southern Europe","174","Portugal","620","PT","PRT"
"5403","Southern Europe","192","San Marino","674","SM","SMR"
"5403","Southern Europe","272","Serbia","688","RS","SRB"
"5403","Southern Europe","186","Serbia and Montenegro","891","CS","SCG"
"5403","Southern Europe","198","Slovenia","705","SI","SVN"
"5403","Southern Europe","203","Spain","724","ES","ESP"
"5403","Southern Europe","248","Yugoslav SFR","890","",""
"5105","Western Africa","53","Benin","204","BJ","BEN"
"5105","Western Africa","233","Burkina Faso","854","BF","BFA"
"5105","Western Africa","35","Cabo Verde","132","CV","CPV"
"5105","Western Africa","107","Côte d'Ivoire","384","CI","CIV"
"5105","Western Africa","75","Gambia","270","GM","GMB"
"5105","Western Africa","81","Ghana","288","GH","GHA"
"5105","Western Africa","90","Guinea","324","GN","GIN"
"5105","Western Africa","175","Guinea-Bissau","624","GW","GNB"
"5105","Western Africa","123","Liberia","430","LR","LBR"
"5105","Western Africa","133","Mali","466","ML","MLI"
"5105","Western Africa","136","Mauritania","478","MR","MRT"
"5105","Western Africa","158","Niger","562","NE","NER"
"5105","Western Africa","159","Nigeria","566","NG","NGA"
"5105","Western Africa","187","Saint Helena, Ascension and Tristan da Cunha","654","SH","SHN"
"5105","Western Africa","195","Senegal","686","SN","SEN"
"5105","Western Africa","197","Sierra Leone","694","SL","SLE"
"5105","Western Africa","217","Togo","768","TG","TGO"
"5305","Western Asia","1","Armenia","51","AM","ARM"
"5305","Western Asia","52","Azerbaijan","31","AZ","AZE"
"5305","Western Asia","13","Bahrain","48","BH","BHR"
"5305","Western Asia","50","Cyprus","196","CY","CYP"
"5305","Western Asia","73","Georgia","268","GE","GEO"
"5305","Western Asia","103","Iraq","368","IQ","IRQ"
"5305","Western Asia","105","Israel","376","IL","ISR"
"5305","Western Asia","112","Jordan","400","JO","JOR"
"5305","Western Asia","118","Kuwait","414","KW","KWT"
"5305","Western Asia","121","Lebanon","422","LB","LBN"
"5305","Western Asia","221","Oman","512","OM","OMN"
"5305","Western Asia","299","Palestine","275","","PSE"
"5305","Western Asia","179","Qatar","634","QA","QAT"
"5305","Western Asia","194","Saudi Arabia","682","SA","SAU"
"5305","Western Asia","212","Syrian Arab Republic","760","SY","SYR"
"5305","Western Asia","223","Turkey","792","TR","TUR"
"5305","Western Asia","225","United Arab Emirates","784","AE","ARE"
"5305","Western Asia","249","Yemen","887","YE","YEM"
"5404","Western Europe","11","Austria","40","AT","AUT"
"5404","Western Europe","255","Belgium","56","BE","BEL"
"5404","Western Europe","15","Belgium-Luxembourg","58","",""
"5404","Western Europe","68","France","250","FR","FRA"
"5404","Western Europe","79","Germany","276","DE","DEU"
"5404","Western Europe","125","Liechtenstein","438","LI","LIE"
"5404","Western Europe","256","Luxembourg","442","LU","LUX"
"5404","Western Europe","140","Monaco","492","MC","MCO"
"5404","Western Europe","150","Netherlands","528","NL","NLD"
"5404","Western Europe","211","Switzerland","756","CH","CHE"
"5000","World","2","Afghanistan","4","AF","AFG"
"5000","World","3","Albania","8","AL","ALB"
"5000","World","4","Algeria","12","DZ","DZA"
"5000","World","5","American Samoa","16","AS","ASM"
"5000","World","6","Andorra","20","AD","AND"
"5000","World","7","Angola","24","AO","AGO"
"5000","World","258","Anguilla","660","AI","AIA"
"5000","World","8","Antigua and Barbuda","28","AG","ATG"
"5000","World","9","Argentina","32","AR","ARG"
"5000","World","1","Armenia","51","AM","ARM"
"5000","World","22","Aruba","533","AW","ABW"
"5000","World","10","Australia","36","AU","AUS"
"5000","World","11","Austria","40","AT","AUT"
"5000","World","52","Azerbaijan","31","AZ","AZE"
"5000","World","12","Bahamas","44","BS","BHS"
"5000","World","13","Bahrain","48","BH","BHR"
"5000","World","16","Bangladesh","50","BD","BGD"
"5000","World","14","Barbados","52","BB","BRB"
"5000","World","57","Belarus","112","BY","BLR"
"5000","World","255","Belgium","56","BE","BEL"
"5000","World","15","Belgium-Luxembourg","58","",""
"5000","World","23","Belize","84","BZ","BLZ"
"5000","World","53","Benin","204","BJ","BEN"
"5000","World","17","Bermuda","60","BM","BMU"
"5000","World","18","Bhutan","64","BT","BTN"
"5000","World","19","Bolivia (Plurinational State of)","68","BO","BOL"
"5000","World","278","Bonaire, Sint Eustatius and Saba","535","","BES"
"5000","World","80","Bosnia and Herzegovina","70","BA","BIH"
"5000","World","20","Botswana","72","BW","BWA"
"5000","World","21","Brazil","76","BR","BRA"
"5000","World","239","British Virgin Islands","92","VG","VGB"
"5000","World","26","Brunei Darussalam","96","BN","BRN"
"5000","World","27","Bulgaria","100","BG","BGR"
"5000","World","233","Burkina Faso","854","BF","BFA"
"5000","World","29","Burundi","108","BI","BDI"
"5000","World","35","Cabo Verde","132","CV","CPV"
"5000","World","115","Cambodia","116","KH","KHM"
"5000","World","32","Cameroon","120","CM","CMR"
"5000","World","33","Canada","124","CA","CAN"
"5000","World","609","Caribbean, unspecified","","",""
"5000","World","36","Cayman Islands","136","KY","CYM"
"5000","World","37","Central African Republic","140","CF","CAF"
"5000","World","39","Chad","148","TD","TCD"
"5000","World","259","Channel Islands","830","","CHA"
"5000","World","40","Chile","152","CL","CHL"
"5000","World","96","China, Hong Kong SAR","344","HK","HKG"
"5000","World","128","China, Macao SAR","446","MO","MAC"
"5000","World","41","China, mainland","1248","CN","CHN"
"5000","World","214","China, Taiwan Province of","158","TW","TWN"
"5000","World","44","Colombia","170","CO","COL"
"5000","World","45","Comoros","174","KM","COM"
"5000","World","46","Congo","178","CG","COG"
"5000","World","47","Cook Islands","184","CK","COK"
"5000","World","48","Costa Rica","188","CR","CRI"
"5000","World","107","Côte d'Ivoire","384","CI","CIV"
"5000","World","98","Croatia","191","HR","HRV"
"5000","World","49","Cuba","192","CU","CUB"
"5000","World","279","Curaçao","531","","CUW"
"5000","World","50","Cyprus","196","CY","CYP"
"5000","World","167","Czechia","203","CZ","CZE"
"5000","World","51","Czechoslovakia","200","",""
"5000","World","116","Democratic People's Republic of Korea","408","KP","PRK"
"5000","World","250","Democratic Republic of the Congo","180","CD","COD"
"5000","World","54","Denmark","208","DK","DNK"
"5000","World","72","Djibouti","262","DJ","DJI"
"5000","World","55","Dominica","212","DM","DMA"
"5000","World","56","Dominican Republic","214","DO","DOM"
"5000","World","58","Ecuador","218","EC","ECU"
"5000","World","59","Egypt","818","EG","EGY"
"5000","World","60","El Salvador","222","SV","SLV"
"5000","World","61","Equatorial Guinea","226","GQ","GNQ"
"5000","World","178","Eritrea","232","ER","ERI"
"5000","World","63","Estonia","233","EE","EST"
"5000","World","209","Eswatini","748","SZ","SWZ"
"5000","World","238","Ethiopia","231","ET","ETH"
"5000","World","62","Ethiopia PDR","230","",""
"5000","World","65","Falkland Islands (Malvinas)","238","FK","FLK"
"5000","World","64","Faroe Islands","234","FO","FRO"
"5000","World","66","Fiji","242","FJ","FJI"
"5000","World","67","Finland","246","FI","FIN"
"5000","World","68","France","250","FR","FRA"
"5000","World","69","French Guiana","254","GF","GUF"
"5000","World","70","French Polynesia","258","PF","PYF"
"5000","World","74","Gabon","266","GA","GAB"
"5000","World","75","Gambia","270","GM","GMB"
"5000","World","73","Georgia","268","GE","GEO"
"5000","World","79","Germany","276","DE","DEU"
"5000","World","81","Ghana","288","GH","GHA"
"5000","World","82","Gibraltar","292","GI","GIB"
"5000","World","84","Greece","300","GR","GRC"
"5000","World","85","Greenland","304","GL","GRL"
"5000","World","86","Grenada","308","GD","GRD"
"5000","World","87","Guadeloupe","312","GP","GLP"
"5000","World","88","Guam","316","GU","GUM"
"5000","World","89","Guatemala","320","GT","GTM"
"5000","World","90","Guinea","324","GN","GIN"
"5000","World","175","Guinea-Bissau","624","GW","GNB"
"5000","World","91","Guyana","328","GY","GUY"
"5000","World","93","Haiti","332","HT","HTI"
"5000","World","94","Holy See","336","VA","VAT"
"5000","World","95","Honduras","340","HN","HND"
"5000","World","97","Hungary","348","HU","HUN"
"5000","World","99","Iceland","352","IS","ISL"
"5000","World","100","India","356","IN","IND"
"5000","World","101","Indonesia","360","ID","IDN"
"5000","World","102","Iran (Islamic Republic of)","364","IR","IRN"
"5000","World","103","Iraq","368","IQ","IRQ"
"5000","World","104","Ireland","372","IE","IRL"
"5000","World","264","Isle of Man","833","IM","IMN"
"5000","World","105","Israel","376","IL","ISR"
"5000","World","106","Italy","380","IT","ITA"
"5000","World","109","Jamaica","388","JM","JAM"
"5000","World","110","Japan","392","JP","JPN"
"5000","World","112","Jordan","400","JO","JOR"
"5000","World","108","Kazakhstan","398","KZ","KAZ"
"5000","World","114","Kenya","404","KE","KEN"
"5000","World","83","Kiribati","296","KI","KIR"
"5000","World","118","Kuwait","414","KW","KWT"
"5000","World","113","Kyrgyzstan","417","KG","KGZ"
"5000","World","120","Lao People's Democratic Republic","418","LA","LAO"
"5000","World","119","Latvia","428","LV","LVA"
"5000","World","121","Lebanon","422","LB","LBN"
"5000","World","122","Lesotho","426","LS","LSO"
"5000","World","123","Liberia","430","LR","LBR"
"5000","World","124","Libya","434","LY","LBY"
"5000","World","125","Liechtenstein","438","LI","LIE"
"5000","World","126","Lithuania","440","LT","LTU"
"5000","World","256","Luxembourg","442","LU","LUX"
"5000","World","129","Madagascar","450","MG","MDG"
"5000","World","130","Malawi","454","MW","MWI"
"5000","World","131","Malaysia","458","MY","MYS"
"5000","World","132","Maldives","462","MV","MDV"
"5000","World","133","Mali","466","ML","MLI"
"5000","World","134","Malta","470","MT","MLT"
"5000","World","127","Marshall Islands","584","MH","MHL"
"5000","World","135","Martinique","474","MQ","MTQ"
"5000","World","136","Mauritania","478","MR","MRT"
"5000","World","137","Mauritius","480","MU","MUS"
"5000","World","270","Mayotte","175","YT","MYT"
"5000","World","138","Mexico","484","MX","MEX"
"5000","World","145","Micronesia (Federated States of)","583","FM","FSM"
"5000","World","617","Micronesia, unspecified","","",""
"5000","World","140","Monaco","492","MC","MCO"
"5000","World","141","Mongolia","496","MN","MNG"
"5000","World","273","Montenegro","499","ME","MNE"
"5000","World","142","Montserrat","500","MS","MSR"
"5000","World","143","Morocco","504","MA","MAR"
"5000","World","144","Mozambique","508","MZ","MOZ"
"5000","World","28","Myanmar","104","MM","MMR"
"5000","World","147","Namibia","516","NA","NAM"
"5000","World","148","Nauru","520","NR","NRU"
"5000","World","149","Nepal","524","NP","NPL"
"5000","World","150","Netherlands","528","NL","NLD"
"5000","World","151","Netherlands Antilles (former)","530","AN","ANT"
"5000","World","153","New Caledonia","540","NC","NCL"
"5000","World","156","New Zealand","554","NZ","NZL"
"5000","World","157","Nicaragua","558","NI","NIC"
"5000","World","158","Niger","562","NE","NER"
"5000","World","159","Nigeria","566","NG","NGA"
"5000","World","160","Niue","570","NU","NIU"
"5000","World","161","Norfolk Island","574","NF","NFK"
"5000","World","154","North Macedonia","807","MK","MKD"
"5000","World","622","Northern America, unspecified","","",""
"5000","World","619","Northern Europe, unspecified","","",""
"5000","World","163","Northern Mariana Islands","580","MP","MNP"
"5000","World","162","Norway","578","NO","NOR"
"5000","World","221","Oman","512","OM","OMN"
"5000","World","164","Pacific Islands Trust Territory","582","","164"
"5000","World","165","Pakistan","586","PK","PAK"
"5000","World","180","Palau","585","PW","PLW"
"5000","World","299","Palestine","275","","PSE"
"5000","World","166","Panama","591","PA","PAN"
"5000","World","168","Papua New Guinea","598","PG","PNG"
"5000","World","169","Paraguay","600","PY","PRY"
"5000","World","170","Peru","604","PE","PER"
"5000","World","171","Philippines","608","PH","PHL"
"5000","World","172","Pitcairn Islands","612","PN","PCN"
"5000","World","173","Poland","616","PL","POL"
"5000","World","618","Polynesia, unspecified","","",""
"5000","World","174","Portugal","620","PT","PRT"
"5000","World","177","Puerto Rico","630","PR","PRI"
"5000","World","179","Qatar","634","QA","QAT"
"5000","World","117","Republic of Korea","410","KR","KOR"
"5000","World","146","Republic of Moldova","498","MD","MDA"
"5000","World","182","Réunion","638","RE","REU"
"5000","World","183","Romania","642","RO","ROU"
"5000","World","185","Russian Federation","643","RU","RUS"
"5000","World","184","Rwanda","646","RW","RWA"
"5000","World","282","Saint Barthélemy","652","","BLM"
"5000","World","187","Saint Helena, Ascension and Tristan da Cunha","654","SH","SHN"
"5000","World","188","Saint Kitts and Nevis","659","KN","KNA"
"5000","World","189","Saint Lucia","662","LC","LCA"
"5000","World","190","Saint Pierre and Miquelon","666","PM","SPM"
"5000","World","191","Saint Vincent and the Grenadines","670","VC","VCT"
"5000","World","281","Saint-Martin (French Part)","663","","MAF"
"5000","World","244","Samoa","882","WS","WSM"
"5000","World","192","San Marino","674","SM","SMR"
"5000","World","193","Sao Tome and Principe","678","ST","STP"
"5000","World","194","Saudi Arabia","682","SA","SAU"
"5000","World","195","Senegal","686","SN","SEN"
"5000","World","272","Serbia","688","RS","SRB"
"5000","World","186","Serbia and Montenegro","891","CS","SCG"
"5000","World","196","Seychelles","690","SC","SYC"
"5000","World","197","Sierra Leone","694","SL","SLE"
"5000","World","200","Singapore","702","SG","SGP"
"5000","World","280","Sint Maarten (Dutch Part)","534","","SXM"
"5000","World","199","Slovakia","703","SK","SVK"
"5000","World","198","Slovenia","705","SI","SVN"
"5000","World","25","Solomon Islands","90","SB","SLB"
"5000","World","201","Somalia","706","SO","SOM"
"5000","World","202","South Africa","710","ZA","ZAF"
"5000","World","614","South America, unspecified","","",""
"5000","World","277","South Sudan","728","SS","SSD"
"5000","World","620","Southern Europe, unspecified","","",""
"5000","World","203","Spain","724","ES","ESP"
"5000","World","38","Sri Lanka","144","LK","LKA"
"5000","World","276","Sudan","729","SD","SDN"
"5000","World","206","Sudan (former)","736","SD",""
"5000","World","207","Suriname","740","SR","SUR"
"5000","World","260","Svalbard and Jan Mayen Islands","744","SJ","SJM"
"5000","World","210","Sweden","752","SE","SWE"
"5000","World","211","Switzerland","756","CH","CHE"
"5000","World","212","Syrian Arab Republic","760","SY","SYR"
"5000","World","208","Tajikistan","762","TJ","TJK"
"5000","World","216","Thailand","764","TH","THA"
"5000","World","176","Timor-Leste","626","TL","TLS"
"5000","World","217","Togo","768","TG","TGO"
"5000","World","218","Tokelau","772","TK","TKL"
"5000","World","219","Tonga","776","TO","TON"
"5000","World","220","Trinidad and Tobago","780","TT","TTO"
"5000","World","222","Tunisia","788","TN","TUN"
"5000","World","223","Turkey","792","TR","TUR"
"5000","World","213","Turkmenistan","795","TM","TKM"
"5000","World","224","Turks and Caicos Islands","796","TC","TCA"
"5000","World","227","Tuvalu","798","TV","TUV"
"5000","World","226","Uganda","800","UG","UGA"
"5000","World","230","Ukraine","804","UA","UKR"
"5000","World","225","United Arab Emirates","784","AE","ARE"
"5000","World","229","United Kingdom","826","GB","GBR"
"5000","World","215","United Republic of Tanzania","834","TZ","TZA"
"5000","World","231","United States of America","840","US","USA"
"5000","World","240","United States Virgin Islands","850","VI","VIR"
"5000","World","234","Uruguay","858","UY","URY"
"5000","World","228","USSR","810","",""
"5000","World","235","Uzbekistan","860","UZ","UZB"
"5000","World","155","Vanuatu","548","VU","VUT"
"5000","World","236","Venezuela (Bolivarian Republic of)","862","VE","VEN"
"5000","World","237","Viet Nam","704","VN","VNM"
"5000","World","243","Wallis and Futuna Islands","876","WF","WLF"
"5000","World","616","Western Africa, unspecified","","",""
"5000","World","621","Western Europe, unspecified","","",""
"5000","World","205","Western Sahara","732","EH","ESH"
"5000","World","249","Yemen","887","YE","YEM"
"5000","World","248","Yugoslav SFR","890","",""
"5000","World","251","Zambia","894","ZM","ZMB"
"5000","World","181","Zimbabwe","716","ZW","ZWE"
